[
    {
        "post_id": "173wekd",
        "message_id": "2055ym4",
        "op_responded": true,
        "timestamp": 1696869593.546004,
        "post_removed": false
    },
    {
        "post_id": "173wloq",
        "message_id": "2056aht",
        "op_responded": true,
        "timestamp": 1696870097.4490685,
        "post_removed": false
    },
    {
        "post_id": "173wloq",
        "message_id": "2056aht",
        "op_responded": true,
        "timestamp": 1696870097.4490685,
        "post_removed": false
    },
    {
        "post_id": "173wmzt",
        "message_id": "2056b2m",
        "op_responded": false,
        "timestamp": 1696870160.1128955,
        "post_removed": true
    },
    {
        "post_id": "173wloq",
        "message_id": "2056aht",
        "op_responded": true,
        "timestamp": 1696870097.4490685,
        "post_removed": false
    },
    {
        "post_id": "173wmzt",
        "message_id": "2056b2m",
        "op_responded": false,
        "timestamp": 1696870160.1128955,
        "post_removed": true
    },
    {
        "post_id": "173wsfl",
        "message_id": "2056id8",
        "op_responded": true,
        "timestamp": 1696870537.8090737,
        "post_removed": false
    },
    {
        "post_id": "173x67z",
        "message_id": "2057699",
        "op_responded": true,
        "timestamp": 1696871621.312242,
        "post_removed": false
    },
    {
        "post_id": "173x67z",
        "message_id": "2057699",
        "op_responded": true,
        "timestamp": 1696871621.312242,
        "post_removed": false
    },
    {
        "post_id": "173x0yf",
        "message_id": "205769j",
        "op_responded": true,
        "timestamp": 1696871622.2430878,
        "post_removed": false
    },
    {
        "post_id": "173xgvd",
        "message_id": "2057ioh",
        "op_responded": false,
        "timestamp": 1696872203.509285,
        "post_removed": true
    },
    {
        "post_id": "173xkxh",
        "message_id": "2057oc6",
        "op_responded": false,
        "timestamp": 1696872456.122861,
        "post_removed": true
    },
    {
        "post_id": "173xp6g",
        "message_id": "2057rxd",
        "op_responded": false,
        "timestamp": 1696872708.059436,
        "post_removed": true
    },
    {
        "post_id": "173xtcl",
        "message_id": "2058002",
        "op_responded": false,
        "timestamp": 1696873021.1769063,
        "post_removed": true
    },
    {
        "post_id": "173y73s",
        "message_id": "2058hjn",
        "op_responded": true,
        "timestamp": 1696873961.1585715,
        "post_removed": false
    },
    {
        "post_id": "173y73s",
        "message_id": "2058hjn",
        "op_responded": true,
        "timestamp": 1696873961.1585715,
        "post_removed": false
    },
    {
        "post_id": "173y6ya",
        "message_id": "2058hjz",
        "op_responded": true,
        "timestamp": 1696873962.0801375,
        "post_removed": false
    },
    {
        "post_id": "173yjpe",
        "message_id": "20593ol",
        "op_responded": false,
        "timestamp": 1696874894.198529,
        "post_removed": true
    },
    {
        "post_id": "173yjpe",
        "message_id": "20593ol",
        "op_responded": false,
        "timestamp": 1696874894.198529,
        "post_removed": true
    },
    {
        "post_id": "173yfvo",
        "message_id": "20593q7",
        "op_responded": false,
        "timestamp": 1696874895.0409772,
        "post_removed": true
    },
    {
        "post_id": "173z0rs",
        "message_id": "2059nup",
        "op_responded": true,
        "timestamp": 1696875895.9367526,
        "post_removed": false
    },
    {
        "post_id": "173z2me",
        "message_id": "2059rk0",
        "op_responded": true,
        "timestamp": 1696876020.4325168,
        "post_removed": false
    },
    {
        "post_id": "173zdi8",
        "message_id": "205a6id",
        "op_responded": true,
        "timestamp": 1696876703.5354617,
        "post_removed": false
    },
    {
        "post_id": "17400hh",
        "message_id": "205b4k5",
        "op_responded": true,
        "timestamp": 1696878257.7106075,
        "post_removed": false
    },
    {
        "post_id": "17401wb",
        "message_id": "205b55c",
        "op_responded": true,
        "timestamp": 1696878320.0910115,
        "post_removed": false
    },
    {
        "post_id": "17404mb",
        "message_id": "205baig",
        "op_responded": true,
        "timestamp": 1696878506.578652,
        "post_removed": false
    },
    {
        "post_id": "1740b5y",
        "message_id": "205bjqb",
        "op_responded": true,
        "timestamp": 1696878969.7780426,
        "post_removed": false
    },
    {
        "post_id": "1740c4c",
        "message_id": "205bm88",
        "op_responded": false,
        "timestamp": 1696879037.1041317,
        "post_removed": true
    },
    {
        "post_id": "1740mos",
        "message_id": "205c0k9",
        "op_responded": true,
        "timestamp": 1696879727.619589,
        "post_removed": false
    },
    {
        "post_id": "1741twu",
        "message_id": "205gp53",
        "op_responded": false,
        "timestamp": 1696882691.6657896,
        "post_removed": true
    },
    {
        "post_id": "1741twu",
        "message_id": "205gp53",
        "op_responded": false,
        "timestamp": 1696882691.6657896,
        "post_removed": true
    },
    {
        "post_id": "17417qk",
        "message_id": "205gp5s",
        "op_responded": false,
        "timestamp": 1696882692.7751126,
        "post_removed": true
    },
    {
        "post_id": "1741twu",
        "message_id": "205gp53",
        "op_responded": false,
        "timestamp": 1696882691.6657896,
        "post_removed": true
    },
    {
        "post_id": "17417qk",
        "message_id": "205gp5s",
        "op_responded": false,
        "timestamp": 1696882692.7751126,
        "post_removed": true
    },
    {
        "post_id": "1741yaq",
        "message_id": "205gv5x",
        "op_responded": true,
        "timestamp": 1696882941.3843665,
        "post_removed": false
    },
    {
        "post_id": "1741twu",
        "message_id": "205gp53",
        "op_responded": false,
        "timestamp": 1696882691.6657896,
        "post_removed": true
    },
    {
        "post_id": "17417qk",
        "message_id": "205gp5s",
        "op_responded": false,
        "timestamp": 1696882692.7751126,
        "post_removed": true
    },
    {
        "post_id": "1741yaq",
        "message_id": "205gv5x",
        "op_responded": true,
        "timestamp": 1696882941.3843665,
        "post_removed": false
    },
    {
        "post_id": "174280f",
        "message_id": "205ha1g",
        "op_responded": true,
        "timestamp": 1696883632.2724166,
        "post_removed": false
    },
    {
        "post_id": "1741twu",
        "message_id": "205gp53",
        "op_responded": false,
        "timestamp": 1696882691.6657896,
        "post_removed": true
    },
    {
        "post_id": "17417qk",
        "message_id": "205gp5s",
        "op_responded": false,
        "timestamp": 1696882692.7751126,
        "post_removed": true
    },
    {
        "post_id": "1741yaq",
        "message_id": "205gv5x",
        "op_responded": true,
        "timestamp": 1696882941.3843665,
        "post_removed": false
    },
    {
        "post_id": "174280f",
        "message_id": "205ha1g",
        "op_responded": true,
        "timestamp": 1696883632.2724166,
        "post_removed": false
    },
    {
        "post_id": "174296p",
        "message_id": "205hamt",
        "op_responded": false,
        "timestamp": 1696883695.4295018,
        "post_removed": true
    },
    {
        "post_id": "1742l7p",
        "message_id": "205hu7f",
        "op_responded": true,
        "timestamp": 1696884505.291518,
        "post_removed": false
    },
    {
        "post_id": "1742tj8",
        "message_id": "205i9xc",
        "op_responded": false,
        "timestamp": 1696885125.291931,
        "post_removed": true
    },
    {
        "post_id": "1742xg9",
        "message_id": "205iga2",
        "op_responded": true,
        "timestamp": 1696885373.3322678,
        "post_removed": false
    },
    {
        "post_id": "1743do6",
        "message_id": "205j3zd",
        "op_responded": true,
        "timestamp": 1696886490.9410694,
        "post_removed": false
    },
    {
        "post_id": "1743klo",
        "message_id": "205jdwy",
        "op_responded": false,
        "timestamp": 1696886926.29669,
        "post_removed": true
    },
    {
        "post_id": "1744ftc",
        "message_id": "205l021",
        "op_responded": false,
        "timestamp": 1696889310.27826,
        "post_removed": true
    },
    {
        "post_id": "1745l5b",
        "message_id": "205mxby",
        "op_responded": false,
        "timestamp": 1696892479.4566162,
        "post_removed": true
    },
    {
        "post_id": "1745l5b",
        "message_id": "205mxby",
        "op_responded": false,
        "timestamp": 1696892479.4566162,
        "post_removed": true
    },
    {
        "post_id": "1745h0d",
        "message_id": "205mxdy",
        "op_responded": false,
        "timestamp": 1696892480.2487638,
        "post_removed": true
    },
    {
        "post_id": "1745l5b",
        "message_id": "205mxby",
        "op_responded": false,
        "timestamp": 1696892479.4566162,
        "post_removed": true
    },
    {
        "post_id": "1745h0d",
        "message_id": "205mxdy",
        "op_responded": false,
        "timestamp": 1696892480.2487638,
        "post_removed": true
    },
    {
        "post_id": "1745f5r",
        "message_id": "205mxf2",
        "op_responded": true,
        "timestamp": 1696892481.3482213,
        "post_removed": false
    },
    {
        "post_id": "1745l5b",
        "message_id": "205mxby",
        "op_responded": false,
        "timestamp": 1696892479.4566162,
        "post_removed": true
    },
    {
        "post_id": "1745h0d",
        "message_id": "205mxdy",
        "op_responded": false,
        "timestamp": 1696892480.2487638,
        "post_removed": true
    },
    {
        "post_id": "1745f5r",
        "message_id": "205mxf2",
        "op_responded": true,
        "timestamp": 1696892481.3482213,
        "post_removed": false
    },
    {
        "post_id": "1745cea",
        "message_id": "205mxgn",
        "op_responded": true,
        "timestamp": 1696892482.2941527,
        "post_removed": false
    },
    {
        "post_id": "1745l5b",
        "message_id": "205mxby",
        "op_responded": false,
        "timestamp": 1696892479.4566162,
        "post_removed": true
    },
    {
        "post_id": "1745h0d",
        "message_id": "205mxdy",
        "op_responded": false,
        "timestamp": 1696892480.2487638,
        "post_removed": true
    },
    {
        "post_id": "1745f5r",
        "message_id": "205mxf2",
        "op_responded": true,
        "timestamp": 1696892481.3482213,
        "post_removed": false
    },
    {
        "post_id": "1745cea",
        "message_id": "205mxgn",
        "op_responded": true,
        "timestamp": 1696892482.2941527,
        "post_removed": false
    },
    {
        "post_id": "17461tt",
        "message_id": "205ndtl",
        "op_responded": false,
        "timestamp": 1696893233.9657483,
        "post_removed": true
    },
    {
        "post_id": "1745l5b",
        "message_id": "205mxby",
        "op_responded": false,
        "timestamp": 1696892479.4566162,
        "post_removed": true
    },
    {
        "post_id": "1745h0d",
        "message_id": "205mxdy",
        "op_responded": false,
        "timestamp": 1696892480.2487638,
        "post_removed": true
    },
    {
        "post_id": "1745f5r",
        "message_id": "205mxf2",
        "op_responded": true,
        "timestamp": 1696892481.3482213,
        "post_removed": false
    },
    {
        "post_id": "1745cea",
        "message_id": "205mxgn",
        "op_responded": true,
        "timestamp": 1696892482.2941527,
        "post_removed": false
    },
    {
        "post_id": "17461tt",
        "message_id": "205ndtl",
        "op_responded": false,
        "timestamp": 1696893233.9657483,
        "post_removed": true
    },
    {
        "post_id": "1746isi",
        "message_id": "205o3s5",
        "op_responded": true,
        "timestamp": 1696894471.917516,
        "post_removed": false
    },
    {
        "post_id": "1745l5b",
        "message_id": "205mxby",
        "op_responded": false,
        "timestamp": 1696892479.4566162,
        "post_removed": true
    },
    {
        "post_id": "1745h0d",
        "message_id": "205mxdy",
        "op_responded": false,
        "timestamp": 1696892480.2487638,
        "post_removed": true
    },
    {
        "post_id": "1745f5r",
        "message_id": "205mxf2",
        "op_responded": true,
        "timestamp": 1696892481.3482213,
        "post_removed": false
    },
    {
        "post_id": "1745cea",
        "message_id": "205mxgn",
        "op_responded": true,
        "timestamp": 1696892482.2941527,
        "post_removed": false
    },
    {
        "post_id": "17461tt",
        "message_id": "205ndtl",
        "op_responded": false,
        "timestamp": 1696893233.9657483,
        "post_removed": true
    },
    {
        "post_id": "1746isi",
        "message_id": "205o3s5",
        "op_responded": true,
        "timestamp": 1696894471.917516,
        "post_removed": false
    },
    {
        "post_id": "17479md",
        "message_id": "205pa8l",
        "op_responded": true,
        "timestamp": 1696896517.856618,
        "post_removed": false
    },
    {
        "post_id": "1745l5b",
        "message_id": "205mxby",
        "op_responded": false,
        "timestamp": 1696892479.4566162,
        "post_removed": true
    },
    {
        "post_id": "1745h0d",
        "message_id": "205mxdy",
        "op_responded": false,
        "timestamp": 1696892480.2487638,
        "post_removed": true
    },
    {
        "post_id": "1745f5r",
        "message_id": "205mxf2",
        "op_responded": true,
        "timestamp": 1696892481.3482213,
        "post_removed": false
    },
    {
        "post_id": "1745cea",
        "message_id": "205mxgn",
        "op_responded": true,
        "timestamp": 1696892482.2941527,
        "post_removed": false
    },
    {
        "post_id": "17461tt",
        "message_id": "205ndtl",
        "op_responded": false,
        "timestamp": 1696893233.9657483,
        "post_removed": true
    },
    {
        "post_id": "1746isi",
        "message_id": "205o3s5",
        "op_responded": true,
        "timestamp": 1696894471.917516,
        "post_removed": false
    },
    {
        "post_id": "17479md",
        "message_id": "205pa8l",
        "op_responded": true,
        "timestamp": 1696896517.856618,
        "post_removed": false
    },
    {
        "post_id": "17482sk",
        "message_id": "205qkwn",
        "op_responded": true,
        "timestamp": 1696898740.567432,
        "post_removed": false
    },
    {
        "post_id": "1745l5b",
        "message_id": "205mxby",
        "op_responded": false,
        "timestamp": 1696892479.4566162,
        "post_removed": true
    },
    {
        "post_id": "1745h0d",
        "message_id": "205mxdy",
        "op_responded": false,
        "timestamp": 1696892480.2487638,
        "post_removed": true
    },
    {
        "post_id": "1745f5r",
        "message_id": "205mxf2",
        "op_responded": true,
        "timestamp": 1696892481.3482213,
        "post_removed": false
    },
    {
        "post_id": "1745cea",
        "message_id": "205mxgn",
        "op_responded": true,
        "timestamp": 1696892482.2941527,
        "post_removed": false
    },
    {
        "post_id": "17461tt",
        "message_id": "205ndtl",
        "op_responded": false,
        "timestamp": 1696893233.9657483,
        "post_removed": true
    },
    {
        "post_id": "1746isi",
        "message_id": "205o3s5",
        "op_responded": true,
        "timestamp": 1696894471.917516,
        "post_removed": false
    },
    {
        "post_id": "17479md",
        "message_id": "205pa8l",
        "op_responded": true,
        "timestamp": 1696896517.856618,
        "post_removed": false
    },
    {
        "post_id": "17482sk",
        "message_id": "205qkwn",
        "op_responded": true,
        "timestamp": 1696898740.567432,
        "post_removed": false
    },
    {
        "post_id": "1748urd",
        "message_id": "205rwbl",
        "op_responded": true,
        "timestamp": 1696900902.323025,
        "post_removed": false
    },
    {
        "post_id": "1745l5b",
        "message_id": "205mxby",
        "op_responded": false,
        "timestamp": 1696892479.4566162,
        "post_removed": true
    },
    {
        "post_id": "1745h0d",
        "message_id": "205mxdy",
        "op_responded": false,
        "timestamp": 1696892480.2487638,
        "post_removed": true
    },
    {
        "post_id": "1745f5r",
        "message_id": "205mxf2",
        "op_responded": true,
        "timestamp": 1696892481.3482213,
        "post_removed": false
    },
    {
        "post_id": "1745cea",
        "message_id": "205mxgn",
        "op_responded": true,
        "timestamp": 1696892482.2941527,
        "post_removed": false
    },
    {
        "post_id": "17461tt",
        "message_id": "205ndtl",
        "op_responded": false,
        "timestamp": 1696893233.9657483,
        "post_removed": true
    },
    {
        "post_id": "1746isi",
        "message_id": "205o3s5",
        "op_responded": true,
        "timestamp": 1696894471.917516,
        "post_removed": false
    },
    {
        "post_id": "17479md",
        "message_id": "205pa8l",
        "op_responded": true,
        "timestamp": 1696896517.856618,
        "post_removed": false
    },
    {
        "post_id": "17482sk",
        "message_id": "205qkwn",
        "op_responded": true,
        "timestamp": 1696898740.567432,
        "post_removed": false
    },
    {
        "post_id": "1748urd",
        "message_id": "205rwbl",
        "op_responded": true,
        "timestamp": 1696900902.323025,
        "post_removed": false
    },
    {
        "post_id": "17491jr",
        "message_id": "205s5sm",
        "op_responded": false,
        "timestamp": 1696901460.1448672,
        "post_removed": true
    },
    {
        "post_id": "1745l5b",
        "message_id": "205mxby",
        "op_responded": false,
        "timestamp": 1696892479.4566162,
        "post_removed": true
    },
    {
        "post_id": "1745h0d",
        "message_id": "205mxdy",
        "op_responded": false,
        "timestamp": 1696892480.2487638,
        "post_removed": true
    },
    {
        "post_id": "1745f5r",
        "message_id": "205mxf2",
        "op_responded": true,
        "timestamp": 1696892481.3482213,
        "post_removed": false
    },
    {
        "post_id": "1745cea",
        "message_id": "205mxgn",
        "op_responded": true,
        "timestamp": 1696892482.2941527,
        "post_removed": false
    },
    {
        "post_id": "17461tt",
        "message_id": "205ndtl",
        "op_responded": false,
        "timestamp": 1696893233.9657483,
        "post_removed": true
    },
    {
        "post_id": "1746isi",
        "message_id": "205o3s5",
        "op_responded": true,
        "timestamp": 1696894471.917516,
        "post_removed": false
    },
    {
        "post_id": "17479md",
        "message_id": "205pa8l",
        "op_responded": true,
        "timestamp": 1696896517.856618,
        "post_removed": false
    },
    {
        "post_id": "17482sk",
        "message_id": "205qkwn",
        "op_responded": true,
        "timestamp": 1696898740.567432,
        "post_removed": false
    },
    {
        "post_id": "1748urd",
        "message_id": "205rwbl",
        "op_responded": true,
        "timestamp": 1696900902.323025,
        "post_removed": false
    },
    {
        "post_id": "17491jr",
        "message_id": "205s5sm",
        "op_responded": false,
        "timestamp": 1696901460.1448672,
        "post_removed": true
    },
    {
        "post_id": "1749494",
        "message_id": "205s9q8",
        "op_responded": true,
        "timestamp": 1696901649.844611,
        "post_removed": false
    },
    {
        "post_id": "1745l5b",
        "message_id": "205mxby",
        "op_responded": false,
        "timestamp": 1696892479.4566162,
        "post_removed": true
    },
    {
        "post_id": "1745h0d",
        "message_id": "205mxdy",
        "op_responded": false,
        "timestamp": 1696892480.2487638,
        "post_removed": true
    },
    {
        "post_id": "1745f5r",
        "message_id": "205mxf2",
        "op_responded": true,
        "timestamp": 1696892481.3482213,
        "post_removed": false
    },
    {
        "post_id": "1745cea",
        "message_id": "205mxgn",
        "op_responded": true,
        "timestamp": 1696892482.2941527,
        "post_removed": false
    },
    {
        "post_id": "17461tt",
        "message_id": "205ndtl",
        "op_responded": false,
        "timestamp": 1696893233.9657483,
        "post_removed": true
    },
    {
        "post_id": "1746isi",
        "message_id": "205o3s5",
        "op_responded": true,
        "timestamp": 1696894471.917516,
        "post_removed": false
    },
    {
        "post_id": "17479md",
        "message_id": "205pa8l",
        "op_responded": true,
        "timestamp": 1696896517.856618,
        "post_removed": false
    },
    {
        "post_id": "17482sk",
        "message_id": "205qkwn",
        "op_responded": true,
        "timestamp": 1696898740.567432,
        "post_removed": false
    },
    {
        "post_id": "1748urd",
        "message_id": "205rwbl",
        "op_responded": true,
        "timestamp": 1696900902.323025,
        "post_removed": false
    },
    {
        "post_id": "17491jr",
        "message_id": "205s5sm",
        "op_responded": false,
        "timestamp": 1696901460.1448672,
        "post_removed": true
    },
    {
        "post_id": "1749494",
        "message_id": "205s9q8",
        "op_responded": true,
        "timestamp": 1696901649.844611,
        "post_removed": false
    },
    {
        "post_id": "17499ur",
        "message_id": "205siem",
        "op_responded": true,
        "timestamp": 1696902085.4298775,
        "post_removed": false
    },
    {
        "post_id": "1745l5b",
        "message_id": "205mxby",
        "op_responded": false,
        "timestamp": 1696892479.4566162,
        "post_removed": true
    },
    {
        "post_id": "1745h0d",
        "message_id": "205mxdy",
        "op_responded": false,
        "timestamp": 1696892480.2487638,
        "post_removed": true
    },
    {
        "post_id": "1745f5r",
        "message_id": "205mxf2",
        "op_responded": true,
        "timestamp": 1696892481.3482213,
        "post_removed": false
    },
    {
        "post_id": "1745cea",
        "message_id": "205mxgn",
        "op_responded": true,
        "timestamp": 1696892482.2941527,
        "post_removed": false
    },
    {
        "post_id": "17461tt",
        "message_id": "205ndtl",
        "op_responded": false,
        "timestamp": 1696893233.9657483,
        "post_removed": true
    },
    {
        "post_id": "1746isi",
        "message_id": "205o3s5",
        "op_responded": true,
        "timestamp": 1696894471.917516,
        "post_removed": false
    },
    {
        "post_id": "17479md",
        "message_id": "205pa8l",
        "op_responded": true,
        "timestamp": 1696896517.856618,
        "post_removed": false
    },
    {
        "post_id": "17482sk",
        "message_id": "205qkwn",
        "op_responded": true,
        "timestamp": 1696898740.567432,
        "post_removed": false
    },
    {
        "post_id": "1748urd",
        "message_id": "205rwbl",
        "op_responded": true,
        "timestamp": 1696900902.323025,
        "post_removed": false
    },
    {
        "post_id": "17491jr",
        "message_id": "205s5sm",
        "op_responded": false,
        "timestamp": 1696901460.1448672,
        "post_removed": true
    },
    {
        "post_id": "1749494",
        "message_id": "205s9q8",
        "op_responded": true,
        "timestamp": 1696901649.844611,
        "post_removed": false
    },
    {
        "post_id": "17499ur",
        "message_id": "205siem",
        "op_responded": true,
        "timestamp": 1696902085.4298775,
        "post_removed": false
    },
    {
        "post_id": "1749930",
        "message_id": "205sihy",
        "op_responded": true,
        "timestamp": 1696902086.4878073,
        "post_removed": false
    },
    {
        "post_id": "1745l5b",
        "message_id": "205mxby",
        "op_responded": false,
        "timestamp": 1696892479.4566162,
        "post_removed": true
    },
    {
        "post_id": "1745h0d",
        "message_id": "205mxdy",
        "op_responded": false,
        "timestamp": 1696892480.2487638,
        "post_removed": true
    },
    {
        "post_id": "1745f5r",
        "message_id": "205mxf2",
        "op_responded": true,
        "timestamp": 1696892481.3482213,
        "post_removed": false
    },
    {
        "post_id": "1745cea",
        "message_id": "205mxgn",
        "op_responded": true,
        "timestamp": 1696892482.2941527,
        "post_removed": false
    },
    {
        "post_id": "17461tt",
        "message_id": "205ndtl",
        "op_responded": false,
        "timestamp": 1696893233.9657483,
        "post_removed": true
    },
    {
        "post_id": "1746isi",
        "message_id": "205o3s5",
        "op_responded": true,
        "timestamp": 1696894471.917516,
        "post_removed": false
    },
    {
        "post_id": "17479md",
        "message_id": "205pa8l",
        "op_responded": true,
        "timestamp": 1696896517.856618,
        "post_removed": false
    },
    {
        "post_id": "17482sk",
        "message_id": "205qkwn",
        "op_responded": true,
        "timestamp": 1696898740.567432,
        "post_removed": false
    },
    {
        "post_id": "1748urd",
        "message_id": "205rwbl",
        "op_responded": true,
        "timestamp": 1696900902.323025,
        "post_removed": false
    },
    {
        "post_id": "17491jr",
        "message_id": "205s5sm",
        "op_responded": false,
        "timestamp": 1696901460.1448672,
        "post_removed": true
    },
    {
        "post_id": "1749494",
        "message_id": "205s9q8",
        "op_responded": true,
        "timestamp": 1696901649.844611,
        "post_removed": false
    },
    {
        "post_id": "17499ur",
        "message_id": "205siem",
        "op_responded": true,
        "timestamp": 1696902085.4298775,
        "post_removed": false
    },
    {
        "post_id": "1749930",
        "message_id": "205sihy",
        "op_responded": true,
        "timestamp": 1696902086.4878073,
        "post_removed": false
    },
    {
        "post_id": "1749b1m",
        "message_id": "205sl7j",
        "op_responded": true,
        "timestamp": 1696902213.7524009,
        "post_removed": false
    },
    {
        "post_id": "1745l5b",
        "message_id": "205mxby",
        "op_responded": false,
        "timestamp": 1696892479.4566162,
        "post_removed": true
    },
    {
        "post_id": "1745h0d",
        "message_id": "205mxdy",
        "op_responded": false,
        "timestamp": 1696892480.2487638,
        "post_removed": true
    },
    {
        "post_id": "1745f5r",
        "message_id": "205mxf2",
        "op_responded": true,
        "timestamp": 1696892481.3482213,
        "post_removed": false
    },
    {
        "post_id": "1745cea",
        "message_id": "205mxgn",
        "op_responded": true,
        "timestamp": 1696892482.2941527,
        "post_removed": false
    },
    {
        "post_id": "17461tt",
        "message_id": "205ndtl",
        "op_responded": false,
        "timestamp": 1696893233.9657483,
        "post_removed": true
    },
    {
        "post_id": "1746isi",
        "message_id": "205o3s5",
        "op_responded": true,
        "timestamp": 1696894471.917516,
        "post_removed": false
    },
    {
        "post_id": "17479md",
        "message_id": "205pa8l",
        "op_responded": true,
        "timestamp": 1696896517.856618,
        "post_removed": false
    },
    {
        "post_id": "17482sk",
        "message_id": "205qkwn",
        "op_responded": true,
        "timestamp": 1696898740.567432,
        "post_removed": false
    },
    {
        "post_id": "1748urd",
        "message_id": "205rwbl",
        "op_responded": true,
        "timestamp": 1696900902.323025,
        "post_removed": false
    },
    {
        "post_id": "17491jr",
        "message_id": "205s5sm",
        "op_responded": false,
        "timestamp": 1696901460.1448672,
        "post_removed": true
    },
    {
        "post_id": "1749494",
        "message_id": "205s9q8",
        "op_responded": true,
        "timestamp": 1696901649.844611,
        "post_removed": false
    },
    {
        "post_id": "17499ur",
        "message_id": "205siem",
        "op_responded": true,
        "timestamp": 1696902085.4298775,
        "post_removed": false
    },
    {
        "post_id": "1749930",
        "message_id": "205sihy",
        "op_responded": true,
        "timestamp": 1696902086.4878073,
        "post_removed": false
    },
    {
        "post_id": "1749b1m",
        "message_id": "205sl7j",
        "op_responded": true,
        "timestamp": 1696902213.7524009,
        "post_removed": false
    },
    {
        "post_id": "1749ge5",
        "message_id": "205st39",
        "op_responded": true,
        "timestamp": 1696902657.1918046,
        "post_removed": false
    },
    {
        "post_id": "1745l5b",
        "message_id": "205mxby",
        "op_responded": false,
        "timestamp": 1696892479.4566162,
        "post_removed": true
    },
    {
        "post_id": "1745h0d",
        "message_id": "205mxdy",
        "op_responded": false,
        "timestamp": 1696892480.2487638,
        "post_removed": true
    },
    {
        "post_id": "1745f5r",
        "message_id": "205mxf2",
        "op_responded": true,
        "timestamp": 1696892481.3482213,
        "post_removed": false
    },
    {
        "post_id": "1745cea",
        "message_id": "205mxgn",
        "op_responded": true,
        "timestamp": 1696892482.2941527,
        "post_removed": false
    },
    {
        "post_id": "17461tt",
        "message_id": "205ndtl",
        "op_responded": false,
        "timestamp": 1696893233.9657483,
        "post_removed": true
    },
    {
        "post_id": "1746isi",
        "message_id": "205o3s5",
        "op_responded": true,
        "timestamp": 1696894471.917516,
        "post_removed": false
    },
    {
        "post_id": "17479md",
        "message_id": "205pa8l",
        "op_responded": true,
        "timestamp": 1696896517.856618,
        "post_removed": false
    },
    {
        "post_id": "17482sk",
        "message_id": "205qkwn",
        "op_responded": true,
        "timestamp": 1696898740.567432,
        "post_removed": false
    },
    {
        "post_id": "1748urd",
        "message_id": "205rwbl",
        "op_responded": true,
        "timestamp": 1696900902.323025,
        "post_removed": false
    },
    {
        "post_id": "17491jr",
        "message_id": "205s5sm",
        "op_responded": false,
        "timestamp": 1696901460.1448672,
        "post_removed": true
    },
    {
        "post_id": "1749494",
        "message_id": "205s9q8",
        "op_responded": true,
        "timestamp": 1696901649.844611,
        "post_removed": false
    },
    {
        "post_id": "17499ur",
        "message_id": "205siem",
        "op_responded": true,
        "timestamp": 1696902085.4298775,
        "post_removed": false
    },
    {
        "post_id": "1749930",
        "message_id": "205sihy",
        "op_responded": true,
        "timestamp": 1696902086.4878073,
        "post_removed": false
    },
    {
        "post_id": "1749b1m",
        "message_id": "205sl7j",
        "op_responded": true,
        "timestamp": 1696902213.7524009,
        "post_removed": false
    },
    {
        "post_id": "1749ge5",
        "message_id": "205st39",
        "op_responded": true,
        "timestamp": 1696902657.1918046,
        "post_removed": false
    },
    {
        "post_id": "174byeu",
        "message_id": "205wzsw",
        "op_responded": true,
        "timestamp": 1696910369.5345206,
        "post_removed": false
    },
    {
        "post_id": "1745l5b",
        "message_id": "205mxby",
        "op_responded": false,
        "timestamp": 1696892479.4566162,
        "post_removed": true
    },
    {
        "post_id": "1745h0d",
        "message_id": "205mxdy",
        "op_responded": false,
        "timestamp": 1696892480.2487638,
        "post_removed": true
    },
    {
        "post_id": "1745f5r",
        "message_id": "205mxf2",
        "op_responded": true,
        "timestamp": 1696892481.3482213,
        "post_removed": false
    },
    {
        "post_id": "1745cea",
        "message_id": "205mxgn",
        "op_responded": true,
        "timestamp": 1696892482.2941527,
        "post_removed": false
    },
    {
        "post_id": "17461tt",
        "message_id": "205ndtl",
        "op_responded": false,
        "timestamp": 1696893233.9657483,
        "post_removed": true
    },
    {
        "post_id": "1746isi",
        "message_id": "205o3s5",
        "op_responded": true,
        "timestamp": 1696894471.917516,
        "post_removed": false
    },
    {
        "post_id": "17479md",
        "message_id": "205pa8l",
        "op_responded": true,
        "timestamp": 1696896517.856618,
        "post_removed": false
    },
    {
        "post_id": "17482sk",
        "message_id": "205qkwn",
        "op_responded": true,
        "timestamp": 1696898740.567432,
        "post_removed": false
    },
    {
        "post_id": "1748urd",
        "message_id": "205rwbl",
        "op_responded": true,
        "timestamp": 1696900902.323025,
        "post_removed": false
    },
    {
        "post_id": "17491jr",
        "message_id": "205s5sm",
        "op_responded": false,
        "timestamp": 1696901460.1448672,
        "post_removed": true
    },
    {
        "post_id": "1749494",
        "message_id": "205s9q8",
        "op_responded": true,
        "timestamp": 1696901649.844611,
        "post_removed": false
    },
    {
        "post_id": "17499ur",
        "message_id": "205siem",
        "op_responded": true,
        "timestamp": 1696902085.4298775,
        "post_removed": false
    },
    {
        "post_id": "1749930",
        "message_id": "205sihy",
        "op_responded": true,
        "timestamp": 1696902086.4878073,
        "post_removed": false
    },
    {
        "post_id": "1749b1m",
        "message_id": "205sl7j",
        "op_responded": true,
        "timestamp": 1696902213.7524009,
        "post_removed": false
    },
    {
        "post_id": "1749ge5",
        "message_id": "205st39",
        "op_responded": true,
        "timestamp": 1696902657.1918046,
        "post_removed": false
    },
    {
        "post_id": "174byeu",
        "message_id": "205wzsw",
        "op_responded": true,
        "timestamp": 1696910369.5345206,
        "post_removed": false
    },
    {
        "post_id": "174c362",
        "message_id": "205xage",
        "op_responded": true,
        "timestamp": 1696910803.5994673,
        "post_removed": false
    },
    {
        "post_id": "174icpo",
        "message_id": "20682vq",
        "op_responded": true,
        "timestamp": 1696936773.6367774,
        "post_removed": false
    },
    {
        "post_id": "174icpo",
        "message_id": "20682vq",
        "op_responded": true,
        "timestamp": 1696936773.6367774,
        "post_removed": false
    },
    {
        "post_id": "174hbtv",
        "message_id": "20682w2",
        "op_responded": false,
        "timestamp": 1696936774.5243602,
        "post_removed": true
    },
    {
        "post_id": "174icpo",
        "message_id": "20682vq",
        "op_responded": true,
        "timestamp": 1696936773.6367774,
        "post_removed": false
    },
    {
        "post_id": "174hbtv",
        "message_id": "20682w2",
        "op_responded": false,
        "timestamp": 1696936774.5243602,
        "post_removed": true
    },
    {
        "post_id": "174hb6o",
        "message_id": "20682wf",
        "op_responded": true,
        "timestamp": 1696936775.4629753,
        "post_removed": false
    },
    {
        "post_id": "174icpo",
        "message_id": "20682vq",
        "op_responded": true,
        "timestamp": 1696936773.6367774,
        "post_removed": false
    },
    {
        "post_id": "174hbtv",
        "message_id": "20682w2",
        "op_responded": false,
        "timestamp": 1696936774.5243602,
        "post_removed": true
    },
    {
        "post_id": "174hb6o",
        "message_id": "20682wf",
        "op_responded": true,
        "timestamp": 1696936775.4629753,
        "post_removed": false
    },
    {
        "post_id": "174gu4w",
        "message_id": "20682wo",
        "op_responded": false,
        "timestamp": 1696936776.325296,
        "post_removed": true
    },
    {
        "post_id": "174icpo",
        "message_id": "20682vq",
        "op_responded": true,
        "timestamp": 1696936773.6367774,
        "post_removed": false
    },
    {
        "post_id": "174hbtv",
        "message_id": "20682w2",
        "op_responded": false,
        "timestamp": 1696936774.5243602,
        "post_removed": true
    },
    {
        "post_id": "174hb6o",
        "message_id": "20682wf",
        "op_responded": true,
        "timestamp": 1696936775.4629753,
        "post_removed": false
    },
    {
        "post_id": "174gu4w",
        "message_id": "20682wo",
        "op_responded": false,
        "timestamp": 1696936776.325296,
        "post_removed": true
    },
    {
        "post_id": "174g359",
        "message_id": "20682wv",
        "op_responded": false,
        "timestamp": 1696936777.223201,
        "post_removed": true
    },
    {
        "post_id": "174iz5n",
        "message_id": "2068jsa",
        "op_responded": false,
        "timestamp": 1696937841.1630106,
        "post_removed": true
    },
    {
        "post_id": "174izo6",
        "message_id": "2068kb9",
        "op_responded": true,
        "timestamp": 1696937903.796765,
        "post_removed": false
    },
    {
        "post_id": "174izo6",
        "message_id": "2068kb9",
        "op_responded": true,
        "timestamp": 1696937903.796765,
        "post_removed": false
    },
    {
        "post_id": "174izhr",
        "message_id": "2068kbj",
        "op_responded": false,
        "timestamp": 1696937904.6341863,
        "post_removed": true
    },
    {
        "post_id": "174j013",
        "message_id": "2068ks3",
        "op_responded": true,
        "timestamp": 1696937967.2383134,
        "post_removed": false
    },
    {
        "post_id": "174jco4",
        "message_id": "20691sz",
        "op_responded": false,
        "timestamp": 1696939086.968367,
        "post_removed": true
    },
    {
        "post_id": "174k24j",
        "message_id": "206adkb",
        "op_responded": true,
        "timestamp": 1696941292.8284478,
        "post_removed": false
    },
    {
        "post_id": "174k24j",
        "message_id": "206adkb",
        "op_responded": true,
        "timestamp": 1696941292.8284478,
        "post_removed": false
    },
    {
        "post_id": "174jogq",
        "message_id": "206adkm",
        "op_responded": false,
        "timestamp": 1696941293.6455812,
        "post_removed": true
    },
    {
        "post_id": "174kn37",
        "message_id": "206b7rv",
        "op_responded": false,
        "timestamp": 1696942973.8674595,
        "post_removed": true
    },
    {
        "post_id": "174l3o4",
        "message_id": "206btse",
        "op_responded": true,
        "timestamp": 1696944215.0059118,
        "post_removed": false
    },
    {
        "post_id": "174l3o4",
        "message_id": "206btse",
        "op_responded": true,
        "timestamp": 1696944215.0059118,
        "post_removed": false
    },
    {
        "post_id": "174l6f3",
        "message_id": "206bx8e",
        "op_responded": false,
        "timestamp": 1696944400.9289565,
        "post_removed": true
    },
    {
        "post_id": "174l3o4",
        "message_id": "206btse",
        "op_responded": true,
        "timestamp": 1696944215.0059118,
        "post_removed": false
    },
    {
        "post_id": "174l6f3",
        "message_id": "206bx8e",
        "op_responded": false,
        "timestamp": 1696944400.9289565,
        "post_removed": true
    },
    {
        "post_id": "174l9by",
        "message_id": "206c0oq",
        "op_responded": true,
        "timestamp": 1696944648.6349614,
        "post_removed": false
    },
    {
        "post_id": "174mcbg",
        "message_id": "206e0uq",
        "op_responded": false,
        "timestamp": 1696948532.2944276,
        "post_removed": true
    },
    {
        "post_id": "174mcbg",
        "message_id": "206e0uq",
        "op_responded": false,
        "timestamp": 1696948532.2944276,
        "post_removed": true
    },
    {
        "post_id": "174m3qt",
        "message_id": "206e0wy",
        "op_responded": true,
        "timestamp": 1696948533.2375567,
        "post_removed": false
    },
    {
        "post_id": "174mcbg",
        "message_id": "206e0uq",
        "op_responded": false,
        "timestamp": 1696948532.2944276,
        "post_removed": true
    },
    {
        "post_id": "174m3qt",
        "message_id": "206e0wy",
        "op_responded": true,
        "timestamp": 1696948533.2375567,
        "post_removed": false
    },
    {
        "post_id": "174lll6",
        "message_id": "206e0yc",
        "op_responded": true,
        "timestamp": 1696948534.0782075,
        "post_removed": false
    },
    {
        "post_id": "174lhri",
        "message_id": "206e0ze",
        "op_responded": true,
        "timestamp": 1696948534.9357607,
        "post_removed": false
    },
    {
        "post_id": "174lhri",
        "message_id": "206e0ze",
        "op_responded": true,
        "timestamp": 1696948534.9357607,
        "post_removed": false
    },
    {
        "post_id": "174lemk",
        "message_id": "206e10f",
        "op_responded": false,
        "timestamp": 1696948535.823343,
        "post_removed": true
    },
    {
        "post_id": "174lhri",
        "message_id": "206e0ze",
        "op_responded": true,
        "timestamp": 1696948534.9357607,
        "post_removed": false
    },
    {
        "post_id": "174lemk",
        "message_id": "206e10f",
        "op_responded": false,
        "timestamp": 1696948535.823343,
        "post_removed": true
    },
    {
        "post_id": "174laqb",
        "message_id": "206e11p",
        "op_responded": true,
        "timestamp": 1696948536.653388,
        "post_removed": false
    },
    {
        "post_id": "174n1d7",
        "message_id": "206eg4v",
        "op_responded": false,
        "timestamp": 1696949241.191606,
        "post_removed": true
    },
    {
        "post_id": "174n4jv",
        "message_id": "206ehy7",
        "op_responded": true,
        "timestamp": 1696949431.7661831,
        "post_removed": false
    },
    {
        "post_id": "174n6sx",
        "message_id": "206embm",
        "op_responded": true,
        "timestamp": 1696949619.1677773,
        "post_removed": false
    },
    {
        "post_id": "174nmgi",
        "message_id": "206f86j",
        "op_responded": false,
        "timestamp": 1696950742.1665092,
        "post_removed": true
    },
    {
        "post_id": "174o0ix",
        "message_id": "206fqy4",
        "op_responded": false,
        "timestamp": 1696951772.2943096,
        "post_removed": true
    },
    {
        "post_id": "174o0ix",
        "message_id": "206fqy4",
        "op_responded": false,
        "timestamp": 1696951772.2943096,
        "post_removed": true
    },
    {
        "post_id": "174nyft",
        "message_id": "206fqyi",
        "op_responded": true,
        "timestamp": 1696951773.719371,
        "post_removed": false
    },
    {
        "post_id": "174o9sp",
        "message_id": "206g4jn",
        "op_responded": true,
        "timestamp": 1696952415.9483852,
        "post_removed": false
    },
    {
        "post_id": "174ofu7",
        "message_id": "206ge7c",
        "op_responded": false,
        "timestamp": 1696952823.0973473,
        "post_removed": true
    },
    {
        "post_id": "174ojr8",
        "message_id": "206gia1",
        "op_responded": true,
        "timestamp": 1696953071.015599,
        "post_removed": false
    },
    {
        "post_id": "174ojr8",
        "message_id": "206gia1",
        "op_responded": true,
        "timestamp": 1696953071.015599,
        "post_removed": false
    },
    {
        "post_id": "174olzs",
        "message_id": "206gm28",
        "op_responded": true,
        "timestamp": 1696953257.351525,
        "post_removed": false
    },
    {
        "post_id": "174prfr",
        "message_id": "206i5zy",
        "op_responded": true,
        "timestamp": 1696956109.886611,
        "post_removed": false
    },
    {
        "post_id": "174prfr",
        "message_id": "206i5zy",
        "op_responded": true,
        "timestamp": 1696956109.886611,
        "post_removed": false
    },
    {
        "post_id": "174pwxp",
        "message_id": "206idwg",
        "op_responded": true,
        "timestamp": 1696956545.0661983,
        "post_removed": false
    },
    {
        "post_id": "174prfr",
        "message_id": "206i5zy",
        "op_responded": true,
        "timestamp": 1696956109.886611,
        "post_removed": false
    },
    {
        "post_id": "174pwxp",
        "message_id": "206idwg",
        "op_responded": true,
        "timestamp": 1696956545.0661983,
        "post_removed": false
    },
    {
        "post_id": "174pwlf",
        "message_id": "206idwq",
        "op_responded": true,
        "timestamp": 1696956546.0015278,
        "post_removed": false
    },
    {
        "post_id": "174prfr",
        "message_id": "206i5zy",
        "op_responded": true,
        "timestamp": 1696956109.886611,
        "post_removed": false
    },
    {
        "post_id": "174pwxp",
        "message_id": "206idwg",
        "op_responded": true,
        "timestamp": 1696956545.0661983,
        "post_removed": false
    },
    {
        "post_id": "174pwlf",
        "message_id": "206idwq",
        "op_responded": true,
        "timestamp": 1696956546.0015278,
        "post_removed": false
    },
    {
        "post_id": "174q0z7",
        "message_id": "206ijo6",
        "op_responded": true,
        "timestamp": 1696956797.0501752,
        "post_removed": false
    },
    {
        "post_id": "174r7am",
        "message_id": "206k91o",
        "op_responded": false,
        "timestamp": 1696959804.200598,
        "post_removed": true
    },
    {
        "post_id": "174rg2i",
        "message_id": "206kllk",
        "op_responded": true,
        "timestamp": 1696960422.8118095,
        "post_removed": false
    },
    {
        "post_id": "174u5jm",
        "message_id": "206pz30",
        "op_responded": false,
        "timestamp": 1696969616.2950048,
        "post_removed": true
    },
    {
        "post_id": "174u5jm",
        "message_id": "206pz30",
        "op_responded": false,
        "timestamp": 1696969616.2950048,
        "post_removed": true
    },
    {
        "post_id": "174tqih",
        "message_id": "206q2hm",
        "op_responded": true,
        "timestamp": 1696969803.5224433,
        "post_removed": false
    },
    {
        "post_id": "174u5jm",
        "message_id": "206pz30",
        "op_responded": false,
        "timestamp": 1696969616.2950048,
        "post_removed": true
    },
    {
        "post_id": "174tqih",
        "message_id": "206q2hm",
        "op_responded": true,
        "timestamp": 1696969803.5224433,
        "post_removed": false
    },
    {
        "post_id": "174tq7t",
        "message_id": "206q4rf",
        "op_responded": false,
        "timestamp": 1696969878.6346319,
        "post_removed": true
    },
    {
        "post_id": "174u5jm",
        "message_id": "206pz30",
        "op_responded": false,
        "timestamp": 1696969616.2950048,
        "post_removed": true
    },
    {
        "post_id": "174tqih",
        "message_id": "206q2hm",
        "op_responded": true,
        "timestamp": 1696969803.5224433,
        "post_removed": false
    },
    {
        "post_id": "174tq7t",
        "message_id": "206q4rf",
        "op_responded": false,
        "timestamp": 1696969878.6346319,
        "post_removed": true
    },
    {
        "post_id": "174vnzn",
        "message_id": "206qlp9",
        "op_responded": true,
        "timestamp": 1696970703.378526,
        "post_removed": false
    },
    {
        "post_id": "174u5jm",
        "message_id": "206pz30",
        "op_responded": false,
        "timestamp": 1696969616.2950048,
        "post_removed": true
    },
    {
        "post_id": "174tqih",
        "message_id": "206q2hm",
        "op_responded": true,
        "timestamp": 1696969803.5224433,
        "post_removed": false
    },
    {
        "post_id": "174tq7t",
        "message_id": "206q4rf",
        "op_responded": false,
        "timestamp": 1696969878.6346319,
        "post_removed": true
    },
    {
        "post_id": "174vnzn",
        "message_id": "206qlp9",
        "op_responded": true,
        "timestamp": 1696970703.378526,
        "post_removed": false
    },
    {
        "post_id": "174wacz",
        "message_id": "206riju",
        "op_responded": true,
        "timestamp": 1696972274.0744193,
        "post_removed": false
    },
    {
        "post_id": "174u5jm",
        "message_id": "206pz30",
        "op_responded": false,
        "timestamp": 1696969616.2950048,
        "post_removed": true
    },
    {
        "post_id": "174tqih",
        "message_id": "206q2hm",
        "op_responded": true,
        "timestamp": 1696969803.5224433,
        "post_removed": false
    },
    {
        "post_id": "174tq7t",
        "message_id": "206q4rf",
        "op_responded": false,
        "timestamp": 1696969878.6346319,
        "post_removed": true
    },
    {
        "post_id": "174vnzn",
        "message_id": "206qlp9",
        "op_responded": true,
        "timestamp": 1696970703.378526,
        "post_removed": false
    },
    {
        "post_id": "174wacz",
        "message_id": "206riju",
        "op_responded": true,
        "timestamp": 1696972274.0744193,
        "post_removed": false
    },
    {
        "post_id": "174wq0u",
        "message_id": "206s57l",
        "op_responded": false,
        "timestamp": 1696973397.670462,
        "post_removed": true
    },
    {
        "post_id": "174u5jm",
        "message_id": "206pz30",
        "op_responded": false,
        "timestamp": 1696969616.2950048,
        "post_removed": true
    },
    {
        "post_id": "174tqih",
        "message_id": "206q2hm",
        "op_responded": true,
        "timestamp": 1696969803.5224433,
        "post_removed": false
    },
    {
        "post_id": "174tq7t",
        "message_id": "206q4rf",
        "op_responded": false,
        "timestamp": 1696969878.6346319,
        "post_removed": true
    },
    {
        "post_id": "174vnzn",
        "message_id": "206qlp9",
        "op_responded": true,
        "timestamp": 1696970703.378526,
        "post_removed": false
    },
    {
        "post_id": "174wacz",
        "message_id": "206riju",
        "op_responded": true,
        "timestamp": 1696972274.0744193,
        "post_removed": false
    },
    {
        "post_id": "174wq0u",
        "message_id": "206s57l",
        "op_responded": false,
        "timestamp": 1696973397.670462,
        "post_removed": true
    },
    {
        "post_id": "174ww9o",
        "message_id": "206sfz6",
        "op_responded": true,
        "timestamp": 1696973834.5619285,
        "post_removed": false
    },
    {
        "post_id": "174u5jm",
        "message_id": "206pz30",
        "op_responded": false,
        "timestamp": 1696969616.2950048,
        "post_removed": true
    },
    {
        "post_id": "174tqih",
        "message_id": "206q2hm",
        "op_responded": true,
        "timestamp": 1696969803.5224433,
        "post_removed": false
    },
    {
        "post_id": "174tq7t",
        "message_id": "206q4rf",
        "op_responded": false,
        "timestamp": 1696969878.6346319,
        "post_removed": true
    },
    {
        "post_id": "174vnzn",
        "message_id": "206qlp9",
        "op_responded": true,
        "timestamp": 1696970703.378526,
        "post_removed": false
    },
    {
        "post_id": "174wacz",
        "message_id": "206riju",
        "op_responded": true,
        "timestamp": 1696972274.0744193,
        "post_removed": false
    },
    {
        "post_id": "174wq0u",
        "message_id": "206s57l",
        "op_responded": false,
        "timestamp": 1696973397.670462,
        "post_removed": true
    },
    {
        "post_id": "174ww9o",
        "message_id": "206sfz6",
        "op_responded": true,
        "timestamp": 1696973834.5619285,
        "post_removed": false
    },
    {
        "post_id": "174xaqd",
        "message_id": "206t404",
        "op_responded": true,
        "timestamp": 1696975003.9394426,
        "post_removed": false
    },
    {
        "post_id": "174u5jm",
        "message_id": "206pz30",
        "op_responded": false,
        "timestamp": 1696969616.2950048,
        "post_removed": true
    },
    {
        "post_id": "174tqih",
        "message_id": "206q2hm",
        "op_responded": true,
        "timestamp": 1696969803.5224433,
        "post_removed": false
    },
    {
        "post_id": "174tq7t",
        "message_id": "206q4rf",
        "op_responded": false,
        "timestamp": 1696969878.6346319,
        "post_removed": true
    },
    {
        "post_id": "174vnzn",
        "message_id": "206qlp9",
        "op_responded": true,
        "timestamp": 1696970703.378526,
        "post_removed": false
    },
    {
        "post_id": "174wacz",
        "message_id": "206riju",
        "op_responded": true,
        "timestamp": 1696972274.0744193,
        "post_removed": false
    },
    {
        "post_id": "174wq0u",
        "message_id": "206s57l",
        "op_responded": false,
        "timestamp": 1696973397.670462,
        "post_removed": true
    },
    {
        "post_id": "174ww9o",
        "message_id": "206sfz6",
        "op_responded": true,
        "timestamp": 1696973834.5619285,
        "post_removed": false
    },
    {
        "post_id": "174xaqd",
        "message_id": "206t404",
        "op_responded": true,
        "timestamp": 1696975003.9394426,
        "post_removed": false
    },
    {
        "post_id": "174xdyq",
        "message_id": "206t65e",
        "op_responded": true,
        "timestamp": 1696975066.9616559,
        "post_removed": false
    },
    {
        "post_id": "174u5jm",
        "message_id": "206pz30",
        "op_responded": false,
        "timestamp": 1696969616.2950048,
        "post_removed": true
    },
    {
        "post_id": "174tqih",
        "message_id": "206q2hm",
        "op_responded": true,
        "timestamp": 1696969803.5224433,
        "post_removed": false
    },
    {
        "post_id": "174tq7t",
        "message_id": "206q4rf",
        "op_responded": false,
        "timestamp": 1696969878.6346319,
        "post_removed": true
    },
    {
        "post_id": "174vnzn",
        "message_id": "206qlp9",
        "op_responded": true,
        "timestamp": 1696970703.378526,
        "post_removed": false
    },
    {
        "post_id": "174wacz",
        "message_id": "206riju",
        "op_responded": true,
        "timestamp": 1696972274.0744193,
        "post_removed": false
    },
    {
        "post_id": "174wq0u",
        "message_id": "206s57l",
        "op_responded": false,
        "timestamp": 1696973397.670462,
        "post_removed": true
    },
    {
        "post_id": "174ww9o",
        "message_id": "206sfz6",
        "op_responded": true,
        "timestamp": 1696973834.5619285,
        "post_removed": false
    },
    {
        "post_id": "174xaqd",
        "message_id": "206t404",
        "op_responded": true,
        "timestamp": 1696975003.9394426,
        "post_removed": false
    },
    {
        "post_id": "174xdyq",
        "message_id": "206t65e",
        "op_responded": true,
        "timestamp": 1696975066.9616559,
        "post_removed": false
    },
    {
        "post_id": "174xssg",
        "message_id": "206tq4u",
        "op_responded": true,
        "timestamp": 1696976119.5080817,
        "post_removed": false
    },
    {
        "post_id": "174z0ab",
        "message_id": "206vwev",
        "op_responded": true,
        "timestamp": 1696979983.2566683,
        "post_removed": false
    },
    {
        "post_id": "174z0ab",
        "message_id": "206vwev",
        "op_responded": true,
        "timestamp": 1696979983.2566683,
        "post_removed": false
    },
    {
        "post_id": "174ykdq",
        "message_id": "206vwfq",
        "op_responded": true,
        "timestamp": 1696979985.0206783,
        "post_removed": false
    },
    {
        "post_id": "174z0ab",
        "message_id": "206vwev",
        "op_responded": true,
        "timestamp": 1696979983.2566683,
        "post_removed": false
    },
    {
        "post_id": "174ykdq",
        "message_id": "206vwfq",
        "op_responded": true,
        "timestamp": 1696979985.0206783,
        "post_removed": false
    },
    {
        "post_id": "1751ovi",
        "message_id": "206zd0c",
        "op_responded": false,
        "timestamp": 1696986713.1261172,
        "post_removed": true
    },
    {
        "post_id": "174z0ab",
        "message_id": "206vwev",
        "op_responded": true,
        "timestamp": 1696979983.2566683,
        "post_removed": false
    },
    {
        "post_id": "174ykdq",
        "message_id": "206vwfq",
        "op_responded": true,
        "timestamp": 1696979985.0206783,
        "post_removed": false
    },
    {
        "post_id": "1751ovi",
        "message_id": "206zd0c",
        "op_responded": false,
        "timestamp": 1696986713.1261172,
        "post_removed": true
    },
    {
        "post_id": "17526ie",
        "message_id": "20704dj",
        "op_responded": false,
        "timestamp": 1696988124.6613808,
        "post_removed": true
    },
    {
        "post_id": "174z0ab",
        "message_id": "206vwev",
        "op_responded": true,
        "timestamp": 1696979983.2566683,
        "post_removed": false
    },
    {
        "post_id": "174ykdq",
        "message_id": "206vwfq",
        "op_responded": true,
        "timestamp": 1696979985.0206783,
        "post_removed": false
    },
    {
        "post_id": "1751ovi",
        "message_id": "206zd0c",
        "op_responded": false,
        "timestamp": 1696986713.1261172,
        "post_removed": true
    },
    {
        "post_id": "17526ie",
        "message_id": "20704dj",
        "op_responded": false,
        "timestamp": 1696988124.6613808,
        "post_removed": true
    },
    {
        "post_id": "17529e9",
        "message_id": "20706lw",
        "op_responded": false,
        "timestamp": 1696988379.5011075,
        "post_removed": true
    },
    {
        "post_id": "174z0ab",
        "message_id": "206vwev",
        "op_responded": true,
        "timestamp": 1696979983.2566683,
        "post_removed": false
    },
    {
        "post_id": "174ykdq",
        "message_id": "206vwfq",
        "op_responded": true,
        "timestamp": 1696979985.0206783,
        "post_removed": false
    },
    {
        "post_id": "1751ovi",
        "message_id": "206zd0c",
        "op_responded": false,
        "timestamp": 1696986713.1261172,
        "post_removed": true
    },
    {
        "post_id": "17526ie",
        "message_id": "20704dj",
        "op_responded": false,
        "timestamp": 1696988124.6613808,
        "post_removed": true
    },
    {
        "post_id": "17529e9",
        "message_id": "20706lw",
        "op_responded": false,
        "timestamp": 1696988379.5011075,
        "post_removed": true
    },
    {
        "post_id": "1752g3d",
        "message_id": "2070j8e",
        "op_responded": false,
        "timestamp": 1696988926.4224257,
        "post_removed": true
    },
    {
        "post_id": "174z0ab",
        "message_id": "206vwev",
        "op_responded": true,
        "timestamp": 1696979983.2566683,
        "post_removed": false
    },
    {
        "post_id": "174ykdq",
        "message_id": "206vwfq",
        "op_responded": true,
        "timestamp": 1696979985.0206783,
        "post_removed": false
    },
    {
        "post_id": "1751ovi",
        "message_id": "206zd0c",
        "op_responded": false,
        "timestamp": 1696986713.1261172,
        "post_removed": true
    },
    {
        "post_id": "17526ie",
        "message_id": "20704dj",
        "op_responded": false,
        "timestamp": 1696988124.6613808,
        "post_removed": true
    },
    {
        "post_id": "17529e9",
        "message_id": "20706lw",
        "op_responded": false,
        "timestamp": 1696988379.5011075,
        "post_removed": true
    },
    {
        "post_id": "1752g3d",
        "message_id": "2070j8e",
        "op_responded": false,
        "timestamp": 1696988926.4224257,
        "post_removed": true
    },
    {
        "post_id": "1752p93",
        "message_id": "2070x19",
        "op_responded": false,
        "timestamp": 1696989693.0738173,
        "post_removed": true
    },
    {
        "post_id": "174z0ab",
        "message_id": "206vwev",
        "op_responded": true,
        "timestamp": 1696979983.2566683,
        "post_removed": false
    },
    {
        "post_id": "174ykdq",
        "message_id": "206vwfq",
        "op_responded": true,
        "timestamp": 1696979985.0206783,
        "post_removed": false
    },
    {
        "post_id": "1751ovi",
        "message_id": "206zd0c",
        "op_responded": false,
        "timestamp": 1696986713.1261172,
        "post_removed": true
    },
    {
        "post_id": "17526ie",
        "message_id": "20704dj",
        "op_responded": false,
        "timestamp": 1696988124.6613808,
        "post_removed": true
    },
    {
        "post_id": "17529e9",
        "message_id": "20706lw",
        "op_responded": false,
        "timestamp": 1696988379.5011075,
        "post_removed": true
    },
    {
        "post_id": "1752g3d",
        "message_id": "2070j8e",
        "op_responded": false,
        "timestamp": 1696988926.4224257,
        "post_removed": true
    },
    {
        "post_id": "1752p93",
        "message_id": "2070x19",
        "op_responded": false,
        "timestamp": 1696989693.0738173,
        "post_removed": true
    },
    {
        "post_id": "1755pcc",
        "message_id": "20764mb",
        "op_responded": false,
        "timestamp": 1697000056.5132327,
        "post_removed": true
    },
    {
        "post_id": "174z0ab",
        "message_id": "206vwev",
        "op_responded": true,
        "timestamp": 1696979983.2566683,
        "post_removed": false
    },
    {
        "post_id": "174ykdq",
        "message_id": "206vwfq",
        "op_responded": true,
        "timestamp": 1696979985.0206783,
        "post_removed": false
    },
    {
        "post_id": "1751ovi",
        "message_id": "206zd0c",
        "op_responded": false,
        "timestamp": 1696986713.1261172,
        "post_removed": true
    },
    {
        "post_id": "17526ie",
        "message_id": "20704dj",
        "op_responded": false,
        "timestamp": 1696988124.6613808,
        "post_removed": true
    },
    {
        "post_id": "17529e9",
        "message_id": "20706lw",
        "op_responded": false,
        "timestamp": 1696988379.5011075,
        "post_removed": true
    },
    {
        "post_id": "1752g3d",
        "message_id": "2070j8e",
        "op_responded": false,
        "timestamp": 1696988926.4224257,
        "post_removed": true
    },
    {
        "post_id": "1752p93",
        "message_id": "2070x19",
        "op_responded": false,
        "timestamp": 1696989693.0738173,
        "post_removed": true
    },
    {
        "post_id": "1755pcc",
        "message_id": "20764mb",
        "op_responded": false,
        "timestamp": 1697000056.5132327,
        "post_removed": true
    },
    {
        "post_id": "1755jk1",
        "message_id": "20764mk",
        "op_responded": false,
        "timestamp": 1697000057.4254758,
        "post_removed": true
    },
    {
        "post_id": "174z0ab",
        "message_id": "206vwev",
        "op_responded": true,
        "timestamp": 1696979983.2566683,
        "post_removed": false
    },
    {
        "post_id": "174ykdq",
        "message_id": "206vwfq",
        "op_responded": true,
        "timestamp": 1696979985.0206783,
        "post_removed": false
    },
    {
        "post_id": "1751ovi",
        "message_id": "206zd0c",
        "op_responded": false,
        "timestamp": 1696986713.1261172,
        "post_removed": true
    },
    {
        "post_id": "17526ie",
        "message_id": "20704dj",
        "op_responded": false,
        "timestamp": 1696988124.6613808,
        "post_removed": true
    },
    {
        "post_id": "17529e9",
        "message_id": "20706lw",
        "op_responded": false,
        "timestamp": 1696988379.5011075,
        "post_removed": true
    },
    {
        "post_id": "1752g3d",
        "message_id": "2070j8e",
        "op_responded": false,
        "timestamp": 1696988926.4224257,
        "post_removed": true
    },
    {
        "post_id": "1752p93",
        "message_id": "2070x19",
        "op_responded": false,
        "timestamp": 1696989693.0738173,
        "post_removed": true
    },
    {
        "post_id": "1755pcc",
        "message_id": "20764mb",
        "op_responded": false,
        "timestamp": 1697000056.5132327,
        "post_removed": true
    },
    {
        "post_id": "1755jk1",
        "message_id": "20764mk",
        "op_responded": false,
        "timestamp": 1697000057.4254758,
        "post_removed": true
    },
    {
        "post_id": "1755j8i",
        "message_id": "20764n5",
        "op_responded": false,
        "timestamp": 1697000058.5139503,
        "post_removed": true
    },
    {
        "post_id": "173vikw",
        "message_id": "2054ls0",
        "op_responded": false,
        "timestamp": 1696867423.8319943,
        "post_removed": false
    },
    {
        "post_id": "173vikw",
        "message_id": "2054ls0",
        "op_responded": false,
        "timestamp": 1696867423.8319943,
        "post_removed": false
    },
    {
        "post_id": "174vgwk",
        "message_id": "206qbv9",
        "op_responded": false,
        "timestamp": 1696970196.5587184,
        "post_removed": false
    },
    {
        "post_id": "173vikw",
        "message_id": "2054ls0",
        "op_responded": false,
        "timestamp": 1696867423.8319943,
        "post_removed": false
    },
    {
        "post_id": "174vgwk",
        "message_id": "206qbv9",
        "op_responded": false,
        "timestamp": 1696970196.5587184,
        "post_removed": false
    },
    {
        "post_id": "174yh0b",
        "message_id": "206vwg7",
        "op_responded": false,
        "timestamp": 1696979986.0774796,
        "post_removed": false
    },
    {
        "post_id": "173vikw",
        "message_id": "2054ls0",
        "op_responded": false,
        "timestamp": 1696867423.8319943,
        "post_removed": false
    },
    {
        "post_id": "174vgwk",
        "message_id": "206qbv9",
        "op_responded": false,
        "timestamp": 1696970196.5587184,
        "post_removed": false
    },
    {
        "post_id": "174yh0b",
        "message_id": "206vwg7",
        "op_responded": false,
        "timestamp": 1696979986.0774796,
        "post_removed": false
    },
    {
        "post_id": "174zzvx",
        "message_id": "206wxra",
        "op_responded": false,
        "timestamp": 1696981926.8756325,
        "post_removed": false
    },
    {
        "post_id": "173vikw",
        "message_id": "2054ls0",
        "op_responded": false,
        "timestamp": 1696867423.8319943,
        "post_removed": false
    },
    {
        "post_id": "174vgwk",
        "message_id": "206qbv9",
        "op_responded": false,
        "timestamp": 1696970196.5587184,
        "post_removed": false
    },
    {
        "post_id": "174yh0b",
        "message_id": "206vwg7",
        "op_responded": false,
        "timestamp": 1696979986.0774796,
        "post_removed": false
    },
    {
        "post_id": "174zzvx",
        "message_id": "206wxra",
        "op_responded": false,
        "timestamp": 1696981926.8756325,
        "post_removed": false
    },
    {
        "post_id": "175dqtu",
        "message_id": "207hw5c",
        "op_responded": false,
        "timestamp": 1697030424.6064065,
        "post_removed": true
    },
    {
        "post_id": "173vikw",
        "message_id": "2054ls0",
        "op_responded": false,
        "timestamp": 1696867423.8319943,
        "post_removed": false
    },
    {
        "post_id": "174vgwk",
        "message_id": "206qbv9",
        "op_responded": false,
        "timestamp": 1696970196.5587184,
        "post_removed": false
    },
    {
        "post_id": "174yh0b",
        "message_id": "206vwg7",
        "op_responded": false,
        "timestamp": 1696979986.0774796,
        "post_removed": false
    },
    {
        "post_id": "174zzvx",
        "message_id": "206wxra",
        "op_responded": false,
        "timestamp": 1696981926.8756325,
        "post_removed": false
    },
    {
        "post_id": "175dqtu",
        "message_id": "207hw5c",
        "op_responded": false,
        "timestamp": 1697030424.6064065,
        "post_removed": true
    },
    {
        "post_id": "175djwq",
        "message_id": "207hw5r",
        "op_responded": false,
        "timestamp": 1697030425.5843701,
        "post_removed": true
    },
    {
        "post_id": "173vikw",
        "message_id": "2054ls0",
        "op_responded": false,
        "timestamp": 1696867423.8319943,
        "post_removed": false
    },
    {
        "post_id": "174vgwk",
        "message_id": "206qbv9",
        "op_responded": false,
        "timestamp": 1696970196.5587184,
        "post_removed": false
    },
    {
        "post_id": "174yh0b",
        "message_id": "206vwg7",
        "op_responded": false,
        "timestamp": 1696979986.0774796,
        "post_removed": false
    },
    {
        "post_id": "174zzvx",
        "message_id": "206wxra",
        "op_responded": false,
        "timestamp": 1696981926.8756325,
        "post_removed": false
    },
    {
        "post_id": "175dqtu",
        "message_id": "207hw5c",
        "op_responded": false,
        "timestamp": 1697030424.6064065,
        "post_removed": true
    },
    {
        "post_id": "175djwq",
        "message_id": "207hw5r",
        "op_responded": false,
        "timestamp": 1697030425.5843701,
        "post_removed": true
    },
    {
        "post_id": "175dc6h",
        "message_id": "207hw66",
        "op_responded": true,
        "timestamp": 1697030426.7245822,
        "post_removed": false
    },
    {
        "post_id": "173vikw",
        "message_id": "2054ls0",
        "op_responded": false,
        "timestamp": 1696867423.8319943,
        "post_removed": false
    },
    {
        "post_id": "174vgwk",
        "message_id": "206qbv9",
        "op_responded": false,
        "timestamp": 1696970196.5587184,
        "post_removed": false
    },
    {
        "post_id": "174yh0b",
        "message_id": "206vwg7",
        "op_responded": false,
        "timestamp": 1696979986.0774796,
        "post_removed": false
    },
    {
        "post_id": "174zzvx",
        "message_id": "206wxra",
        "op_responded": false,
        "timestamp": 1696981926.8756325,
        "post_removed": false
    },
    {
        "post_id": "175dqtu",
        "message_id": "207hw5c",
        "op_responded": false,
        "timestamp": 1697030424.6064065,
        "post_removed": true
    },
    {
        "post_id": "175djwq",
        "message_id": "207hw5r",
        "op_responded": false,
        "timestamp": 1697030425.5843701,
        "post_removed": true
    },
    {
        "post_id": "175dc6h",
        "message_id": "207hw66",
        "op_responded": true,
        "timestamp": 1697030426.7245822,
        "post_removed": false
    },
    {
        "post_id": "175cwo6",
        "message_id": "207hw6u",
        "op_responded": false,
        "timestamp": 1697030427.974459,
        "post_removed": true
    },
    {
        "post_id": "173vikw",
        "message_id": "2054ls0",
        "op_responded": false,
        "timestamp": 1696867423.8319943,
        "post_removed": false
    },
    {
        "post_id": "174vgwk",
        "message_id": "206qbv9",
        "op_responded": false,
        "timestamp": 1696970196.5587184,
        "post_removed": false
    },
    {
        "post_id": "174yh0b",
        "message_id": "206vwg7",
        "op_responded": false,
        "timestamp": 1696979986.0774796,
        "post_removed": false
    },
    {
        "post_id": "174zzvx",
        "message_id": "206wxra",
        "op_responded": false,
        "timestamp": 1696981926.8756325,
        "post_removed": false
    },
    {
        "post_id": "175dqtu",
        "message_id": "207hw5c",
        "op_responded": false,
        "timestamp": 1697030424.6064065,
        "post_removed": true
    },
    {
        "post_id": "175djwq",
        "message_id": "207hw5r",
        "op_responded": false,
        "timestamp": 1697030425.5843701,
        "post_removed": true
    },
    {
        "post_id": "175dc6h",
        "message_id": "207hw66",
        "op_responded": true,
        "timestamp": 1697030426.7245822,
        "post_removed": false
    },
    {
        "post_id": "175cwo6",
        "message_id": "207hw6u",
        "op_responded": false,
        "timestamp": 1697030427.974459,
        "post_removed": true
    },
    {
        "post_id": "175c60h",
        "message_id": "207hw7q",
        "op_responded": false,
        "timestamp": 1697030428.9380147,
        "post_removed": true
    },
    {
        "post_id": "175egpt",
        "message_id": "207irnu",
        "op_responded": true,
        "timestamp": 1697032210.1595922,
        "post_removed": false
    },
    {
        "post_id": "175eq8m",
        "message_id": "207j56m",
        "op_responded": false,
        "timestamp": 1697032921.26409,
        "post_removed": true
    },
    {
        "post_id": "175f3ge",
        "message_id": "207jmcd",
        "op_responded": true,
        "timestamp": 1697033926.953648,
        "post_removed": false
    },
    {
        "post_id": "175fk8l",
        "message_id": "207k8vc",
        "op_responded": false,
        "timestamp": 1697035195.8425956,
        "post_removed": true
    },
    {
        "post_id": "175fk8l",
        "message_id": "207k8vc",
        "op_responded": false,
        "timestamp": 1697035195.8425956,
        "post_removed": true
    },
    {
        "post_id": "175fllk",
        "message_id": "207kaco",
        "op_responded": true,
        "timestamp": 1697035259.5403748,
        "post_removed": false
    },
    {
        "post_id": "175fk8l",
        "message_id": "207k8vc",
        "op_responded": false,
        "timestamp": 1697035195.8425956,
        "post_removed": true
    },
    {
        "post_id": "175fllk",
        "message_id": "207kaco",
        "op_responded": true,
        "timestamp": 1697035259.5403748,
        "post_removed": false
    },
    {
        "post_id": "175ftxn",
        "message_id": "207kkbv",
        "op_responded": false,
        "timestamp": 1697035830.296678,
        "post_removed": true
    },
    {
        "post_id": "175gt9n",
        "message_id": "207luv1",
        "op_responded": true,
        "timestamp": 1697038176.784292,
        "post_removed": false
    },
    {
        "post_id": "175hg6s",
        "message_id": "207mpyw",
        "op_responded": true,
        "timestamp": 1697039702.0720658,
        "post_removed": false
    },
    {
        "post_id": "175it9y",
        "message_id": "207qfzs",
        "op_responded": true,
        "timestamp": 1697043059.721979,
        "post_removed": false
    },
    {
        "post_id": "175j6xh",
        "message_id": "207sfv0",
        "op_responded": false,
        "timestamp": 1697043948.0258884,
        "post_removed": true
    },
    {
        "post_id": "175j6ww",
        "message_id": "207sfyz",
        "op_responded": false,
        "timestamp": 1697043949.080493,
        "post_removed": true
    },
    {
        "post_id": "175j9hd",
        "message_id": "207szh1",
        "op_responded": true,
        "timestamp": 1697044142.640841,
        "post_removed": false
    },
    {
        "post_id": "175jp7t",
        "message_id": "207vlok",
        "op_responded": true,
        "timestamp": 1697045228.305641,
        "post_removed": false
    },
    {
        "post_id": "175npna",
        "message_id": "2084mdd",
        "op_responded": true,
        "timestamp": 1697055386.6902835,
        "post_removed": false
    },
    {
        "post_id": "175r8bx",
        "message_id": "208acxf",
        "op_responded": false,
        "timestamp": 1697064679.7588103,
        "post_removed": true
    },
    {
        "post_id": "175r5bu",
        "message_id": "208aczi",
        "op_responded": false,
        "timestamp": 1697064680.6303413,
        "post_removed": true
    },
    {
        "post_id": "175r0f3",
        "message_id": "208ad0s",
        "op_responded": false,
        "timestamp": 1697064681.53555,
        "post_removed": true
    },
    {
        "post_id": "175rg22",
        "message_id": "208agrc",
        "op_responded": false,
        "timestamp": 1697064805.5220199,
        "post_removed": true
    },
    {
        "post_id": "175sajb",
        "message_id": "208boya",
        "op_responded": true,
        "timestamp": 1697067057.729728,
        "post_removed": false
    },
    {
        "post_id": "175sk2k",
        "message_id": "208c6ys",
        "op_responded": true,
        "timestamp": 1697067755.3841348,
        "post_removed": false
    },
    {
        "post_id": "175sw7h",
        "message_id": "208cpa1",
        "op_responded": true,
        "timestamp": 1697068744.1864164,
        "post_removed": false
    }
]